text,emotion
da ana lma atkharrag,positive
la da baad el fetar elwahed beykoun msh ader,negative
sha3b gahel,negative
mehtag banyo malyan talg w voltaren halan,negative
wahashny ramadan el kont ba2addeh fel sahel dah,positive
2oli ya fannana 2oli,positive
e3mlili block sahla gidan,negative
la el kalam wel page dih akid msh sah,negative
3ein eh dana khadt ala 3einy walhy,negative
la la kol m ashof el daragt baftas,negative
daragat hayla,positive
khaliki ad el haraka di bas,negative
tab w 3omri elly byroh dah,negative
inshallah yrga3o le baad,positive
ay haga fel hayah el mohm eno ykon byhel moshkla,positive
ana tannaht msh fahm hwa 3ayzni a3ml eih,negative
ana bsraha kda yaany 3ayz arouh,positive
fi 3azama gaya,positive
el coach by2oli not le taht msh 3arf astaw3eb el gomla ha2i2i,negative
lazm atgawez wahda btheb el akl zayi,positive
ana harfyan mn sa3et ramadan bada2 wana mesadda3 lhad dlwaty,negative
elghy el ta3leem el game3y,negative
3ayz ye2telny,negative
besmellah yalla bina,positive
aho shoft el hanin lel mady by3ml fik eh,negative
nabza baseta 3an ad eih el gam3a tafetny,negative
enta madmon w mawgod ala tol,positive
fo2o el emtahanat arabet,negative
kol wahed mehasesny eno mzaker,negative
aywa ya fanan eih el 3azama dih,positive
estahda bellah ya habibi,negative
ana walhy lw naffezt el afkar el fi dmaghy ha3adi,positive
asib el ta3lem tyb wla a3ml eh dlwa2ty,negative
ya tara eh ehsas el nas el ekhteyarathom sah,negative
el mafroud kol mashaklek tethal,positive
wana wla rady wla mertah el bal,negative
walhy aham hagten el reda w rahet el bal,positive
heya el balad btwala3 wla eih,negative
ana batwatar lma akon saye2 wel donia zahma,negative
ktir awe bafkar ana leh madakhaltesh haga tania,negative
nefse afham eh lazmet el zebib,negative
hasby allah w n3ma el wakel fi elly f 2eedo,negative
ma3lsh,negative
shaklek ray2a dlwaty,positive
kobayet el ahwa el baad el fetar mazag,positive
hwa bgd ehna gayben vandam ashan y3ml ma2lab,negative
sawany bs nefham eh dah,negative
mafesh wehesh  fel hayah ad el nas el by2arabo mazaghom,negative
eih el tafaha dih,negative
el gam3a 3ayzana nesallem nafsena el sabt el gai,negative
bensali nafsena abl el fetar,positive
harfeyan ah,positive
tayartakk mnawara fel ekhteyar ya3am,positive
mehtag atkharrag mn el gam3a el khamis el gai bel kterr,negative
el koleya helwa fi ramadan,positive
e3lan vodafone tohfa,positive
mana msh haytrakem alaya mosalsalat mn awel yom ya3ni,negative
malhom msh fahem,negative
tab ehna mehtagin netla3 tal3a ala share3 el mo3ez,positive
hwa ana tayeh leh,negative
maktob makarona bel bachamel enti kadaba,negative
balash tal2ih,negative
3ayza eh dlwa2ty,negative
msh ader a2om mn ala el sofra,negative
da ehna tele3na welad 3am ba2a,positive
atmanna el sana el gaya aftar ma3 sohabi,positive
w malnash 3elaka bel khena2at khales,positive
wadeh en el nas kolaha 3ala safar ta2riban,positive
fo2 ya tarek enta etkharagt ma3andaksh agazet akher el sana,negative
ana harfyan mehtag ho2net caffeine dlwaty halan,negative
yarab yb2a fih akl ktir bokra,positive
khaliki ente ma3 el mosalsalat kda,negative
ana msh 3arf azakr anhi madda fihom,negative
kan nefsi fe taba2 koshary akhir,negative
kol sana wentoo taybeeenn,positive
ahla haga fe ramadan el sanady enena msh hanshof yasmine sabri fih,positive
da wadeh en byotna kolha nafs el shakl fe ramadan harfyan,positive
el wahed fe fatra mabet3adish,negative
msh ader 3ayz anzl atsahar el nahrda,positive
eh el kalam el gamed dah,positive
la mate2la2ish,positive
mafesh ahla mn el hussein fe ramadan bgd,positive
ma3refa helwa w entahet,negative
el mal3ab kan mor3eb bgd,negative
la ehna gomhorna kan mohtaram msh zayohom,negative
shokran shenawy fel match da walhy,positive
fer2ethom qaweya gdan hadretak bt2ol eih,negative
hwa ahsan mn salah meet mara oksembellah,negative
m hwa yekhawef bardo,negative
zizo zaher aktar mn salah walhy hwa malo fi eih,negative
o3od ya abo gabal mafesh haga ya habeby,positive
allaho akbar ya shenawy,positive
gada3 awi,positive
da bta3 el yonan habebna da,positive
zizo haikhallaslna el match inshallah,positive
el montakhab shaklo haymot hnak,negative
el senegal gamden awe el sraha yaany,positive
mabahebsh el matchat el btetle3eb el sobh,negative
ta2mi el mofadal,positive
hambeset awi law kalt macarona,positive
mana merasseky baa,positive
hassal kheir samhiha,positive
hatsafri orayeb,positive
ya3am ana hab2a rayeh amtehen,negative
shwayet hamas,positive
haga msh mobashera khalis,negative
el kelma dih matenfa3sh,negative
el sraha yaany radwa el sherbiny amar,positive
hanekhtafo yaany wla han3ml eh,negative
amar zay okhtek,positive
el match da hayb2a nar bel ma3na el harfy,positive
ya zein ekhtarto walhy,positive
aghane hamza namira de btewga3 el alb,negative
yalla netghada sawa,positive
ehna bnheb masr ya gd3an walhy bs maksofen ne2ol,positive
el gaw elsobh tohfa,positive
nelef el 3alam,positive
fel ha2e2a tela3 overrated,negative
tafteesh gamed,positive
el damen wogodak haymarmatak walhy,negative
aghane hazena fel tare2,negative
el gaw ka2ib,negative
kont ha3mel eih men gheir sohabi,positive
nesafer bara masr,positive
hya kol hagaa bt3adde ah bs btseb asar,negative
kol sana wentaa tayb yakhoia,positive
hat3meli khotobtek emta,positive
el donia helwa ahe,positive
kont aldagh fel w 3rft asalla7ha,positive
el naseha wa2t hodos el moshkla ta2neeb msh naseha,negative
el oghneya de ghareba awe,negative
tb de haga helwa,positive
haahahaha yareit kont geit,negative
ahterem el nas eh bs homa dol nas,negative
mostawak el comedy aham mn gamalak,positive
el hayah mosaleya,positive
hafez el tary2,positive
el film dah kan gharib,negative
dakhalt wahda shaklha gherhom,positive
ana ha2bad bel dollar,positive
da lesa estanne hay2alleblek baad shwya,negative
elhamdulah kont motawakke3 en da hayhsal,positive
hayel w fekra 3azima,positive
allah 3al gaw,positive
el gaw moshmes,positive
ah danta mkasel ba2a,negative
ta3maha khatir,positive
ya3eny el walad haytganen,negative
men dol w fe eh,negative
ya walad tohfa,positive
hahaha hakhalasha kolaha,positive
mab3rfsh at3aml ma3 el nas el shayfen nafsohom,negative
tebi3 baladak ashan sehleyya zay de,negative
el eye contact helw ela lw maa doctor fel emthan,negative
3eshna ad eh ba2e ad eh,positive
social battery zero kda khalas,negative
ana shayel ham en mafesh caffeine,negative
rouhi w msh hatendami,positive
da etshahar khalas,positive
3ayz ahdar hafla le ragheb alama,positive
shayel mnak ah bs lw ehtagteny hashel 3annak,positive
hagouraaa,positive
akhoia akhoiaaa,positive
msh aderrr a2oum men el sobh,negative
aham haga rahet el bal,positive
belzabt 3ashan t3raf eni sah,positive
adman mnen,negative
tbda2 taktashef rehlet enak mabtefhamsh,negative
hattena taht el tahdeed,negative
hakhod shwayet tahze2 dlwaty,negative
sohab el tofoula,positive
hanrouh el hafla w nembeset,positive
enta lazem tedhak ala khebtak fe3lan,negative
hwa 3a2el 3an kda walhy,positive
nesy el pantalon ghaleban,negative
zo2hom wehesh fel lebs,negative
nafseyeti ba2eit ahsan enaharda,positive
shaklaha khena2a 3anefa,negative
msh tabe3ya modheka awi,positive
wes3et mnak de,negative
eh da ya ghaly,positive
msh 3arf ahadded men fehom el mahzoz,positive
de maynfa3sh m3aha talmeeh,negative
hya bt3ml m3ana kda leh,negative
ente byhsal maake mawakef 3ageba,negative
shakle et3adet mnak,negative
yarab nos el sabr elly 3andak,positive
enta 3andak haneen lel maady,negative
el geel bta3na aghlabo bytahteh,negative
gil bayez,negative
el donia bayza mn badri,negative
el le3ba kebrt menak,negative
harfyan zay m mama alet,positive
ahla haga fe ramadan kunafa bel manga,positive
shoft zalamto ezay,negative
lw lwahde msh ha2ol la walhy,positive
el oghneya dih lazem teshtaghal,positive
kol shwaya teza3a2li,negative
da elhamdulah en el wahd 2ate3hom,positive
tabarak allah walhy,positive
sha2leb we2leb ala tol,positive
ekhteyar el kalam hayel,positive
el donia me3andana w khalas,negative
yom el khames ba2a wehesh,negative
emsahe bsor3a abl m had yza3a2,negative
dah beyedhak aleiki,negative
ana lazm aroh italy,positive
malak m2aryef keda,negative
ah walhy el omahat dayman sah,positive
hwa leh kol tweet mnek bt3ml ala2 kda,positive
salemli 3aleih gidan wahashni,positive
ahwet el semsemya ghayaretek awe,negative
hamdellah 3ala salamet akhouk,positive
besmellah da el rayyes da wla eh,positive
danta kda tb2a affelt el hayah,positive
eb2a roh olohom ana gada3,positive
asra3 tare2 le alb el bent enak tedahakha,positive
yarab khalik ma3aya,positive
3ande quiz rabena yostor,negative
shokran l kol wahed we2f gambi,positive
ayez atmaran el sobh,positive
khalsana msh hazakr,negative
leh bs da film gamed,positive
eh el gharaba dih,negative
ansakho teshterouh,positive
walhy yenfa3 nerouh,positive
rayeh 3aza tany ma3 mn sohabe,negative
talabtaha w weslet,positive
msh 3ayz at3allem,negative
el tawator el zyada khatar,negative
kont atmanna el hayah tkon mn gher tawator,negative
nefsi el seif yigi,positive
bakol zalabya bel nutella,positive
3ayz anam yom brahti,negative
3rft el feha,negative
ana eh el waddane el mexic,negative
omal eh ya fanana,positive
hato monaseb awi,positive
makani msh hna,negative
ana 3ayz a3ml shift career mn abl atkharrag,negative
ana shayf eno yom helw,positive
mafesh ahla mn enak to3od fadi,positive
hayel yabny walhy fakhour bik,positive
helw el tasaloh el ma3 el nafs dah,positive
bahawel afham hya ezay 3rft rakam mamto,negative
leh ba2a keda walahi,negative
yarab yasater,negative
rabna yostor f3lan,negative
hahaha men 3enaya enta to2mor,positive
bs matetarya2sh,negative
mabeddehash ba2a,positive
ktir awi 3alaya,negative
dol bane2admen tabe3yen,positive
yabnel eh dahna na2len mn ba3d,positive
ahla follow 3alek,positive
khalas kda el semester kheles bel nesbale,positive
badkhol abayen kol 3oyobe fel awel,negative
ai khedmaa,positive
leh kda bs,negative
nefse ehsas el nadam yetleghy,negative
ehna fe warta,negative
wlahy mashofna break el sanade gher breakdowns,negative
lel asaf ah,negative
de a3da khasrana,negative
3ayz amot msh ader,negative
basek f zo2ak gidan,positive
ana hamout men elhar,negative
ah walhy hasma3 kalamak,positive
fokek gamda,positive
helwa zayek keda,positive
3agbak,positive
msh 3arf el konbela el a3ed a3mlha de akhretha eh,negative
yaret el nas kolha yb2o fe hosn zannek da,positive
ahahha monafek awi,negative
ew3edna yarab,positive
ana 3ayz arga3 2019 a3ml eh,negative
el geel dah mawlood batno waga3ah,negative
hamot overdose shawerma frakh mn ebn el sham,negative
el 3elakat el mostahela de le3bety,negative
fix eh dante el hatbawazeh,negative
ana mashakle de kolha hatethal lw etkharragt,negative
msh 3arf afham el madda,negative
la ente brahtek kda kda,positive
de haga sayye2a,negative
wakhda ma2lab fe nafsaha gamed,negative
el moshkla fel cereal,negative
fadak,positive
kalb saye2,negative
ah tmam kda,positive
ana msh 3arf astaw3eb,negative
el semester da msh 3agebny,negative
el ha2e2a el morra,negative
el akl fel kolya de haga sa3ba,negative
el banat el yomen dol ghorab,negative
aiwa gada3a,positive
el koleya 3ayzana nesalem nafsena el esbo3 el gai,negative
el page de karsa walhy,negative
hagat el modamera ll nafseya,negative
msh hanedhak ala baad,negative
khefo alena shwya,negative
ana moshfeq 3al nas dih,negative
ana msh gai at3allem,negative
shabab ta3bana,negative
3ash walahi,positive
korba hwar bardu khale balek,positive
la da 3adda level,positive
eh el soda3 dah,negative
bawazo eih,negative
yarab eb3edna 3ano,negative
yah 3al anaka,positive
haram walhy el hasal,negative
ah walhy zaki,positive
ya3am da hezar w enta afasht,negative
el nas mn be3eed dayman ahla,negative
da kan ekt2ab walhy,negative
3eeb walhy,negative
e2ta3e m3aha,negative
adeky hatetgawezy aho,positive
2ali eni 3ayana,negative
msh moktane3a khalis,negative
da byb2a tawator,negative
aywa kalam mawzoun,positive
e3mlelo block,negative
bat3alem mnek walahi,positive
maho yeganen f3lan eh el gded,positive
edde el walad forsa tania,positive
el regala lma tel3ab,positive
yemken el walad etghayar,positive
ha3zemak ala ebn sham ba3dha,positive
hassek mesta2aleya beya,negative
wente ezay sakta ala haga zai kda,negative
sabah el nashat,positive
hadkhol el beit mn babo,positive
walahi l awarik,negative
la dante shayla gamedd ba2a,negative
leh bs el z3i2 dah,negative
yarab sabat enfe3ale zay dah,positive
nayelty eh,negative
yarab 3ayz aroh siwa,positive
3azama,positive
yah 3al 3azama,positive
sah el kalam dah,positive
aywa ya laziz,positive
mnek lellah,negative
wla ka2enena n3raf baad,negative
3andek ha2 ya farida,positive
yareit tembeset,positive
leh bs el avwara dih,negative
ana msh fahm eh el byhsal,negative
khalas mat3ayatesh,negative
el halawa halawet el roh,positive
eh el sa23a de yalla 3al beit,negative
kfaya shatayem,negative
shattora ya faridaa,positive
gada3,positive
la dante galek kol haga,positive
kont katb haga ahla,negative
la mokaf7a,positive
enta rewesh awe ya captain,positive
ba3d ezn el shabora msh shayef el tare2,negative
drama queen hya ba2et kda,negative
yemken mesahb mn waraha,negative
yasater yarab,negative
yarab lw msh mn naseeby khodha,negative
kol shwaya 3aza,negative
ala damantek yaany,positive
w law 3ayat dlwa2ty,negative
oltelkom ta3mo haye3gebko,positive
el mofadala,positive
msh 3aref et7ad el talaba malhom,negative
nerouh el malahi,positive
formet eh baa kemyet el shawerma el bakolha de,negative
el wahed 3ayz yenzl yakhodlo laffa fel wekala,positive
rabena yogbor b khatrak,positive
habibi allah yetamenak yarab,positive
ba3d ezn el mohn 3ayz atlob,negative
ba3d ezn el koleya ehna msh lah2en ne3esh,negative
sabab el mashakel yom el gom3a,negative
sibo el wahed yembeset,negative
el wahed ayez yefarfesh,positive
oul nokta tania,positive
fekra hayla el gary el sobh da,positive
ashtar had a3rafo,positive
rabena ywafa2 el gami3,positive
alf hamdellah 3al salama,positive
lw kont mohtam kont 3erfet lwahdak,negative
yarab efregha,positive
yarab ektebo 3alena,positive
hatla2ehom gamdin walhy,positive
neshaga3 ba3d,positive
hwa eh el so2al el ghaby dah,negative
shokran 3ala ta3abek ma3aya,positive
ya3ne homa el zakro affelo yaany sabah el fol,negative
eh el 3azama dih bas,positive
alby ma3akomm,positive
msh ma32ol baad el mozakra dih kolha,negative
hahahahah laziz el hwar,positive
yekhtay ala handaset el kahera,negative
akheran hass bel tabaqa el motawaseta,positive
ta3amol b borood maa el nas el 3asabeya she2 momte3,positive
matsalemsh 3aleih,negative
yarab ana msh 3ayz akaml ta3lem,negative
kol m akolha aftekrek,positive
tmam helwa el fekra,positive
msh hanekhlas shaklena keda,negative
yalhwy 3al araf el ana fih,negative
mafish haga mestahla el za3al,positive
farfeshi shwaya,positive
el gaw dah mehtag hagz kora,positive
wehna bnmtehen el nour ata3,negative
lala allah yekhalekom,positive
la dante rabena maake baa,positive
msh haymot ebn el mahzoza,positive
rabena yekatar men amsalak,positive
el wahed byakhod mawad gher adameya walhy,negative
enta gai el nahrda wla hatsawahni lwahde zay el marra el fatet,negative
fe arabeya we2e3 menha hagat,negative
mabrouk 3al takharog,positive
el ba3mlo dah habal msh mozakra walhy,negative
el emthan dah mehtag mo3geza,negative
kfaya emthanat ba2a ana zeh2t,negative
rabena yesabetek,positive
allah yesamehko 3ala el kalam dah,negative
el wahed metbahdel gamed el yomen dol,negative
hay3ml hafla,positive
bey2oul ahsan kalam,positive
el wahed nfso yeshtaghal,negative
omi dayman beykoun 3andaha ha2,positive
dah eih el gamal dah,positive
la fokek shaklek meday2a,negative
fekra helwa bs matnf3sh 7 pm,positive
mashoftesh mosalsal agmad meno,positive
darben ba3d bel gezam,negative
leh el zolm dah,negative
el matshofsh mno wehesh matsada2sh kalam el nas 3aleh,positive
hazin 3ala el 3eshra,negative
bgd el 3eila haga mohema awi,positive
shoufo bas w msh hatendam,positive
nadman awi eni marohtesh,negative
la bs kan nefsy,negative
ayza demaghi tesatarayah,negative
matshelsh ham haga,positive
rabena yewafa2ak fel mawdou3 dah,positive
dah lw 3eshna le 13 dec,negative
nenhar kolna fel weekend ba2a,negative
tel3et helwa zay m oltelak ha,positive
surat yusuf sot mashary rashed aktur haga moriha fel hayah,positive
eh lazmet el weekend law htfdalo tedoona assigments,negative
da ehna fe mo3anah walhy,negative
w ba3den ba2a fel a3da dih,negative
danta el flos ghayaretak,negative
motakhayel mn 2016 w lesa mafish haga gdida,negative
el wahed 3ayz yanhar bs mafesh wa2t,negative
el drasa fe masr mn aktarr el hagat el mot3eba nafseyan walhy,negative
msh 3arf astaw3eb en el calculator mamno3a fel emthan,negative
yalla nwadab safareya helwa,positive
medhat shalaby dah sa3b,negative
3ayzin neraga3 el ayam el helwa,positive
shaklo daye3 khalis,negative
walhy el mohandsen nafsohom msh 3arfen homa by3mlo eih,negative
el oghneya kolha te2ref walhy,negative
ha3melak ahla eidmilad,positive
rabena yes3edek f hayatek,positive
msh lazm tb2a fake kda ashan yehebok,negative
men nagah l nagah ya habibi,positive
mawdo3 gamed awe lma yb2o nas gad3a,positive
mahadesh fo2 el qanon ya basha,positive
el rokhsa da3et ghaleban,negative
lala kfaya drama allah yekhaleky,negative
ya3am ana msh meday2 hwa weshy kda,negative
aslak w atyab wahda keda keda,positive
tashgee3 el nas w homa fe awel tare2ohm ahsan,positive
lw 3eshna lel gai ba2a,negative
msh haynfa3 akaml fel mahzala dih,negative
el semester dah lazm yentehy dlwa2ty,negative
ana mota2akeda enak hateksab,positive
kol el edert astantego ba3d el lecture deh en ana fe warta walhy,negative
aktar wahed gada3 abelto f hayaty,positive
enta msh olayel bardo,positive
el oghneya dih bel zat gamda awy,positive
kharbana mn kol hetta bs ana raye2,positive
sahi faye2,positive
mahadesh 3agbo halo,negative
ahla akla men 2id omi,positive
momken nerouh nel3ab hatkoun laziza,positive
eh yasta lebs el 3afarit elly enta labso dah,negative
lama tartabeto 9 senen w ba3den yesibek,negative
do2ha bas w ed3ili,positive
ely 3ala group el dof3a bymoto fe nashr el esha3at,negative
w ba3den fel term el shaghal ma3 nafso dah,negative
el moshkla en kararati el ghabeya deh akhadtaha ba3d tafker tawel,negative
kol m afteker el safareya a3od adhak,positive
naharak abyad,positive
ana msh 3ayz ala2 hna,negative
ahla fetar dah wala eih,positive
wala yehemak el mohem testafad,positive
3atah,negative
yasater,negative
el wahed b2a byzoor el beet w yerga3 el kolya yekaml hayato,negative
ana asef le ay beyt3amell ma3aya fe el gam3a,negative
lma a3od maa atfal el 3eila bab2a 3ayez amawet nafsi,negative
el doctor 3amel doctora fe kol el fields el fel hayah,positive
ahsan gam3a fel tarikh,positive
el slides deh mashro3 fashel,negative
dabbor w zan 3la kharab 3esho,negative
3ayz akon 3adim el ehsas,negative
eh el nodg dah kolo,positive
gharama 500 geneh dah el as3ar walla3et,negative
haksar el hala2a bokra fel match inshallah,negative
msh 3eb wahed fe sennak yakol astika,negative
khalas kda tawakalna 3ala allah,positive
3ayzin nelghi ehsas el tawator,positive
dana hageblak kol el akl elly enta 3ayzo,positive
ma2a3atesh ma3 nas ro7hom helwa bel manzar dah abl kda,positive
hwa ehna eih el 3elaka entahet,negative
amar f kol ahwalek,positive
shaklek 3amla mosiba,negative
msh na2sa waga3 alb,negative
helwa el soura el hatetiha,positive
helw awe el hagat el hateftah henak dih,positive
el homom btektar ma3 2orb el gam3a,negative
hasal kheir yalla nerouh,positive
eh el talawos dah,negative
elhamdullah 3ala kol she2,positive
habeb alb el banat,positive
bsraha ya3ni el gym hwa hal ay haga,positive
dah enta keda tamam awi,positive
yah 3ala dih shoghlana,negative
wow amar,positive
kan bayen awi 3amtan eno msh ala ba3do,negative
msh ader gebt akhri,negative
ehna nekhreglak film n3ayeshak fe dor el daheya el enta fih dah,negative
el semester el fat dah kan karsa walhy,negative
hwa labs hezam nasef wla eh,negative
la dih albaha mayet khales,negative
el saraha el zyada bte2leb ma3 el nas elet zo2 walahi,negative
el wahed me2adeha mute lel nas ala instagram,negative
hahahahahha khalas nelghiha,positive
kol mosalsal lazm yb2a fih episode el wahed 3omro byensaha toul hayato,positive
mostawako b2a fel nazel khales ya shabab walhy,negative
danta 3aysh fel mahalabeya walhy,negative
tmam shokrann,positive
el wahed bytkhad mn kelmet rob3 million aktarr mn 250 alf,negative
shabab twitter lma byefto ba2a,negative
el yemshy warak yendam,negative
ana dmaghi mehtaga mohallel nafsi haleyan,negative
nasini leih,negative
hadafha enena nefrah w nrayah ba3d w nesahhel el hayah 3la ba3d,positive
dih bashe3a,negative
msh lazm ne3alli ala baad w nshof men mashaklo as3ab,negative
haiedrabha wala eih,negative
el walad we2e3 mn fo2 el hosan,negative
sabah el tazwir,negative
la enta haltak may2os mnha khales,negative
eih el hozn dah,negative
amin yarab,positive
el khorog ma3 el nas el btrawa7 badri dih haga momela,negative
el wahed hases eno haythesher fel kolya dih rabena yostor,negative
fayto shwayet e3trafat nareya,negative
el sho3or bel araf aswa2 meet marra mn el korh,negative
ah walhy kalamak meya meya,positive
el wahed za3lan walhy ala el foras el bydiha lel nas w bydaya3oha,negative
konbelet 3enad,negative
yekhrbet halawtek,positive
eh el ekhteyarat el ghalat dih,negative
kont masali el a3la w khalas enhart ya safah el underage,negative
ana bala2i nas ma3rfhomsh asasan afshin meni,negative
ente 3amla mashakel,negative
el wahed msh 3arf yela2eha mnen wla mnen,negative
3ayz anhar bs feh quiz lesa,negative
3ayz asib el ta3lem,negative
kfaya gam3a,negative
walhy fe nas shayfak wehesh ashan getlha doghry,negative
ehrabe,negative
bakrah el zan,negative
el 3yal el soghayara dol byaklo akl 3ageb oksm belah,negative
edrab ya sheikhna,negative
el ragel bta3 el icecream faker nafso saher ta2reban,negative
alarm iphone da haygebly sakta albeya walhy,negative
enta zay el fol ya bro,positive
msh tabi3yin a3den yetkhan2o maa nas tanya ala oghneya,negative
esm nazly da gamil b tare2a eh da,positive
msh 3arf afham,negative
quantum mechanics de 3ageba,negative
hewar gai fel tare2,negative
pfp tohfa,positive
ya nasy wa3dak wa3dak lya,negative
da 3ayel sakhif,negative
khena2at el chat deh byksab feha el byktb asra3 msh el maah el ha2,negative
el sraha de 3yon msh mehtaga tesherly,positive
3ayz ageblokom lemon terawa2o badal manto sokhnen ala baad kda,positive
kan mn sohabe baa,negative
3ayzen nezabat yom nenhar feh maa baad b2a,negative
ehna ne normalize ay haga ente 3ayzaha ya amar matz3alesh nafsek,positive
ba3ml nafse msh wakhed bale ashan msh 3ayz akhsar,negative
ghareb awe lon 3enek el tabe3y el bytghayar kol yom da,negative
hwa mafesh ahla mnha asasan,positive
mn el hagat el btkhale dmaghe t3ml error,negative
matb2ash sakhif w to3od tezen hwa msh 3ayz,negative
el taghyer helw,positive
zolm,negative
msh kfaya amr diab,negative
yalahwy 3al hekam,positive
hozn badre awe el nahrda,negative
aktur wahda ana shayfha amar fel hayah ana aktur wahd hya mabete2hosh,negative
ehsasek ghalat,negative
zeino btehky details tare2a tohfa,positive
3adad el nas el bakalmhom el fatra de maykamelosh talata walhy,negative
banat ukraine eh yasta msh lma bto3 baladak ye3abarok el awel,negative
da3et heibet el haz,negative
fe 2020 bardu kona a3den ne2ol la el corona ba3eda 3an masr,negative
ne2abelhom fel akhra ba2a,negative
msh ader,negative
mehtag anzl maa sohabe el metefe2 maahom ba2ale sana abl el 3alam yentehy,negative
ya3eeny ukraine btede3ek dlwaty,negative
takhayal to3od tethayel ala ashan ye2olak hwa meday2 leh,negative
ha2olak ana ala mabda2 helw ay tela2eh metghayar maak mn gher sabab seebo,negative
el nas byb2o dakhlen yet3amlo maak enak temporary fe hayathom,negative
mo3afra ashan eh bs battalnaha khalas ana msh dakhel harb,negative
data structure de ghareba gdan,negative
msh ader 2ereft,negative
3ayz application y3arafny el bytesel 3ayz eh mn abl arod,negative
el doctor da toxic,negative
ana ba2ol kda bardu,positive
sho3or sa3b gdan ya3eeny,negative
hanebda2 seyah badre kda,negative
da msh gadwal lectures da gadwal eqama fel koleya,negative
harfyn bahes nafse azka wahed,positive
helm hayate aroh el gam3a faye2,negative
3adad el sa3at el banamo da gher ensany,negative
hahahahahahha helwa mnakk,positive
eh el oghneya el tohfa de msh ha2olha lhad,positive
eh el mahzala de,negative
lesa bn2ol besmellah rah ayelak quiz,negative
ba2olak eh ba2a msh hanenhar mn abl el term yebda2 yaany,negative
brahtek ana kda kda hatgawezek fel akher,positive
w ba3den el gaw wehesh el yomen dol hanroh el gam3a ezay,negative
w m3ana masa aktur wahda btseeh mn el gam3a asasan,negative
nefse atkharrag w ashof el hayah 3amla ezay mn gher mozakra,negative
el ta3lem da mashro3 fashel,negative
khaf mn el neyeto msh bayna,negative
zero dehk,negative
la fokek da gamda,positive
ghaleban masha3er el odamak aham mn enak tehrego,negative
mabyhsalsh m3ana leh el kalam da,negative
el hayah de ghareba gdan walhy,negative
hagat kter awe makantsh mehtaga kol el ehtmam da w hagat tanya ahmaltaha,negative
el wahed lw rege3 beh el zaman 10 senen maslan mehtag yesalah hagat kter,negative
matgesh mnak enta ya sahby,negative
3ayz ahke lhad mashakle w ba3den a2telo,negative
ehna sohab mn el nahrda,positive
leh bs,negative
mafehash noom fel leila de,negative
allah yerham el bbm kona bn3ml ping,negative
ana a3raf nas za3lanen mny ala el 3amaloh maaya,negative
khosaret el calories,negative
wimpy ta3ban awi,negative
mesh ayez ashoufek tani,negative
el zodiac signs ta3bako fe dmaghko shwya,negative
shaklaha bedaya mobashera,positive
ana msh gahez lel semester el haybda2 maa nafso da,negative
ana leh msh fe italy dlwa2ty,negative
modheken awe el nas el bye2ta3o maak fag2a,negative
akl el 3eesh morr,negative
ya tara mamsok 3aleh eh ashan yenam el nooma de,negative
ahlek msh hassen bel ne3ma el 3andohom,negative
80 mn el by2olo ahh lw ethatto fel mawqef msh hay3rafo yekhtaro 3amtan,negative
mawqef sa3b awi,negative
atamana tt3arafy ala wahed mohtaram,positive
we2eft 10 mins maa alman kerehtehom el 3omr kolo,negative
yarab nekhlas,negative
ente etnaseiti khalas kda,negative
la gamdaa,positive
ba3d ezn el avwara 3ayz atlob el akl,negative
matetarya2sh aleh baa ashan mathassalosh,negative
ostor yarab,negative
nefse fe mesa2a3a bel bashamel wel lahma el mafroma,positive
msh wa2to el nahrda khales,negative
kda msh 3ayez t2oli,negative
ana ra2ie en enta el ahla w nos,positive
malko magrohen kda leh,negative
shoft ghaffeltouni ezai,negative
msh wa2t emojis khaless,negative
msh hayb2a mafesh hob wla akl ya3ny,negative
el byhsal da mesh tabi3i tab3un,negative
matetfaragosh 3al film da ashan wehesh,negative
3amel hafla lel nas el single bokra,positive
allah dante shatra aho,positive
la ezay ana masdoum,negative
bagi el madrasa 3ashanek,positive
ana basek fihom awi,positive
medaye2 3ashan marahsh,negative
eh el sohola de,positive
el regala lma tehabel,negative
tohfaa shatra awi,positive
kan nefse akhodha date fel valentine bs sahebha afil w msh haywafe2,negative
shokran,positive
tohfaaa,positive
de msh tal3a bel kheel fel ahramat de ghazwa walhy,negative
la danta el mawdou3 lesa m2asar alek lhad dlwaty,negative
aho da 3eib dahab baa,negative
la hawl wla qowat ela bellah,negative
bs ashan mayftekornash maganen,negative
msh 3arfa awsalek,negative
ana etsadamt fiha,negative
el ehtmam el zyada ay shakhs bykhaleh yet3ala alek,negative
rabena ye3enko walhy ya shabab 3al araf el ento feh da,negative
bala2e nas ma3rfhash asasan mdy2in mny,negative
ghasheem enta bardu,negative
el moshkla eno dayman beyedkeb,negative
da ehna lesa hanerghy maa baad,positive
malak ya batal meday2 leh,negative
el naksh da mahabba walhy,positive
ai khedmaaa,positive
lw kan 3ande hosan makansh zaman wa2ef fel zahma de,negative
adeky la2ety haga tesaliki lma takhdy el agaza,positive
waheshny ya3am,positive
mokalmet abo gabal w mamto helwa awe bgd,positive
rekhem awi,negative
hwa eh el habal da wenaby,negative
dante folla,positive
yrod aleha msh ader,negative
fakhoren beko,positive
yarab onsorhom yarab,positive
homa kotar 3alena kda leh,negative
kfaya kda el nahrda wenaby,negative
hwa el nenny byl3ab leh,negative
oksm belah marwan hamdy karsa,negative
de harb el estenzaf de wla eh,negative
la msh ader astahmel shoten kaman,negative
3andi amal f rabena,positive
yarab ostor yarab,negative
hafo2lek baad el match ya 3asal,positive
hases fi haga helwa hatehsal,positive
marmoush araf,negative
el la3eba btestahbel 3amtan,negative
as3ab ehsas fel koon,negative
hasal haga day2etha,negative
rabena yehdek,positive
el donia de malhash aman,negative
lw masr kesbet el banzene hayghla tani,negative
hatebda2y seya7 mn dlwaty wla eh,negative
yoh mamno3 dokhol ely f senena,negative
fekra hayla,positive
3arfen bs lw thebo el kheir le baad,negative
allaha ya baby,positive
akbar engaz f hayati,positive
eh el ehbat dah,negative
da albek maat khales,negative
el nas ta3bana fe dmaghha el yomen dol,negative
hwa eh hwar en el ghaltan hwa el byz3al el yomen dol,negative
eih el zahma el fel shaware3 de,negative
makalemthash gher marra dah kadab,negative
leh kda el rakhma dih,negative
lma btekbar albak bymot,negative
msh m2adarin el n3ma,negative
ma32ol 2ader teheb gheryy,negative
hasal kheir ya masa,positive
rabena yehmek ya abo gabal walhy,positive
hwa wael gomaa khad enzar leh,negative
el mashrou3 fashal,negative
el hakam da mesh mezabat,negative
ahlan ahlaan b habaibi,positive
feh plagiarism wla eh,negative
mnawara,positive
ana msh 3arf ala2eha mnen wla mnen el nahrda,negative
el donia bayza 3al akher,negative
hya sadaka tohtaram w kol haga bs ana 3ayz atgawezek,positive
hwa el semester bta3ek da msh bykhlas leh,negative
da sayye2,negative
haram aleky,negative
de talakeek ashan matzakresh,negative
dmaghek hayla,positive
el ragel da karsa walhy,negative
estanne hanazel sorty ashan ab2a cool ana kaman,positive
ento msh ta3banen ya habaybe,negative
nefse ashuf yom 3edel,negative
seeby el ta3lem ente msh naf3a,negative
el dam el khafef aham mn el shakl el helw,positive
msh ma3na ene bal3ab basket ene ba3raf army el haga,negative
3ayz asafr akammel habal barra masr,negative
gamela el agaza,positive
hasal plot twist khateera,positive
3eib baa,negative
mostafa mohamed da haga astaghfarallah,negative
carmen bsaibes betmasel tohfa,positive
mawwetly yabny el masha3er de,negative
awhash mat3am gable tasamom,negative
mabda2eyan kda mafish ta3lem,negative
hwa yom matl3tlosh shams,negative
olna kfaya kedb,negative
yom malosh ay lazma,negative
ezay tb2a ay kalam fe 20 sanya,negative
do3a2 nesyan eh enta msh mezakr haga aslun,negative
bakrah ahes ene te2el ala alb,negative
de haga wehsha sah,negative
dakhel fe talat ayam dra3e menammel,negative
en el wahed yet3ab ayam el emthanat de mn absha3 el hagat walhy,negative
msh ma32ol kol yeghlat tesam7eh kda sebeh,negative
el kmama btkhno2ne,negative
balash kezb,negative
msh 3ayzenna nenga7 ay tare2a,negative
eh el habal da,negative
3omre m hakhod ra2yk tane,negative
hwa gar shakal w khalas,negative
danto lo2ta walhy,positive
green flag eno by3aml omo helw,positive
atmanna el tweet de tkon tarya2a,negative
de moshkla tanya enek shayfa en mafesh moshkla,negative
hwa eh el 3abat da ya habaybe,negative
ente mehtaga cream taftee7 mokh,negative
3amal tedawar 3al shakhs el sah wenta aslun el shakhs el ghalat,negative
bafarfeshko bema en feh emthanat,positive
ramadan kareem aleina kolena,positive
hatshofy el agdad baa fel emthan,negative
hat2ata3 alaya ya bob wla eh,negative
dana hageblak dry food mn kotr manta betheb banat walhy,negative
ba3d el shar alehom,positive
nezaker fel lagna inshallah,negative
el wa2t msh fe salehna,negative
mahadesh hases bel nas dih,negative
hwa eh da enta hatsta3bat,negative
yikhtii,negative
el nas msh saybane f hale,negative
akhoia f dahre,positive
rafdak le wad3 msh monaseb ashan rahtak msh ananeya,positive
yalahwi 3la zidane la3ib,positive
ha3ayat mn el halawa,positive
rabena maaky,positive
el math da ghareb gdan,negative
hya wedano ezay 3amla kda,negative
momasel shater awe,positive
wente hayatek bayza wla eh,negative
yemken ghaba2ek el mebawaz hayatek msh el hasad,negative
nefse ambeset ana alatoul meday2,negative
ahla hewarat ma3 nafsi,positive
ebtadena ba2a elzan,negative
bet2aldihom helw awe hahahaha,positive
la2 mesh ader enahrda,negative
boss keda keda hay3ml hewar,negative
lma tshofha ew3a tbayen enak mabsot,negative
cinnabon fel gaw da ahsan hal,positive
wahshny hodn el pizza,negative
la ya 3am da dor bard 3ade mafesh haga,positive
3eib aleik wenta f senak dah,negative
da msh ma3ad break khales,negative
leh el hozn da,negative
el akl msh 3agebni,negative
la ezayak eh inshallahh trga3o le ba3d,positive
yaretni m roht daya3t wa2t,negative
ana 3ayz akhdak ala ad 3a2lak bs ana msh la2eh walhy,negative
dakhalt f ekt2ab khalas,negative
ana msh shayf en feh ay dawafe3 le estemrar el hayah,negative
mehtag mo3geza 3ashan angah,negative
msh hatla2e zaye e ya sheikha allah yesamhek,negative
agazet eh el ento a3den t2olo aleha khelset,negative
la2 ana fi el finals banhar,negative
anjelina jolie fe film alexander msh tabe3ya oksm belah,positive
helm hayate ageb hosan,positive
yah lw astakhdem el overthinking da fel mozakra,negative
el mozakra ely abl el emtahan di mowatera,negative
mesh ader aktar men keda,negative
ya sheikha kfaya kedb,negative
bta3te ashyak,positive
helwa el sraha maa el nafs,positive
alak peace baad ada alaya tol el oghneya,negative
3amltha like 3al tweets a3mlha eh aktur mn kda,negative
malhash ay mobarrer el sraha,negative
hahahah tkhale el wahd shaghafo fel hayah ye2el,negative
el aghani el yomen dol gamda,positive
ana basta3gel sohabe wana lesa malbestesh asasan,negative
fekra hayla e3meliha,positive
3ayz el ard tetsha2 w tebla3ny haleyan,negative
ana damen elmawdou3 dah,positive
hata tasgel el mawad sa3b,negative
mat3atebsh ala haga hwa 3arf enaha hatza3alak w 3amlha,negative
mesh fahem fahemouni,negative
ente lehe2te shatra awi,positive
msh 3ayzen 3eyat baa,negative
hasa eni daykha,negative
dah ashtar doctor rohtelo,positive
la2 yom laziz awi,positive
ana te3ebt,negative
hatgawezek ala fekra,positive
da oksm belah el dars dah mafish as3ab meno,negative
rida sotha hwar,positive
la2 keda over awi,negative
ana msh fahm haga,negative
maho mesh hatemna3ni men elakl kaman,negative
hya malha arfana kda leh,negative
n3mlo exception ya salam,positive
kol a3yad el melad bta3t el nahrda de mozawara,negative
mat3melsh fiha tayeb kolena arfin ha2e2tak,negative
yalahwy 3al zahma,negative
kol m afteker bakta2eb,negative
enta k wahed saye2 3arabya leh tegeb el tahzi2 l nafsak,negative
ana mwafe2 gdann,positive
ana mafeyash 3oyob fokek,positive
walhy far2 kber ya shabab enak tkon sare7 w enak tkon bege7,negative
howa eih mawdou3 e3raf men nafsek ana medaye2 men eih da,negative
ba2olek eih eskoti shwaya kfaya zan,negative
tab amatan osbou3 ra7a ba2a,positive
ya3am erefnaaa oksem,negative
ahmed zaki da gamed awee,positive
el koleya di asda tekhalina ne3ayat,negative
ana ata3t ma3ah 5alas,negative
had yaktare7 aghani hozn,negative
mana mesh ashan seket te3melo keda,negative
eih hewar ana shoftak mara fi hayaty w afesh menak,negative
ya ged3an kefaya faty,negative
mashy mashy hakhdak ala ad 3a2lak,negative
la2 maho mesh ashan ana mohtaram te3melo keda,negative
ana asasan ghaltan,negative
mashy ya habebty elly enty ayzah,positive
tamam ashoufak fi el akhra,negative
eh el hatal da,negative
kan yom eswed yom 3reftk wlhi,negative
ana 7amshy delwa2ty ya rab tekouny kewayesa,positive
3alatoul bafakar ad eih enty gameela,positive
fi eh mana brod ahu,negative
tweetatek 3ala wd3ha awe,positive
enta shayef nafsak 3ala eh ya,negative
msh mobrer la msh fadyen yms7oh wfadyen y7otoh bs,negative
batal teza3a2 kol ely meday2ak men shakhs f wesho,negative
3ayza ashofeik rayha nady emta,positive
morning kan ka2eb,negative
ysma3 mn bo2ek,positive
ana k baheer enbhart,positive
khaleeh ahsan lina,positive
rabana ezedak man al3lm,positive
alf slama,positive
3ady kolhum khaynin,negative
ana mesh 2ader afham fy nas btfakar keda ezay,negative
mafish had y3mely ghada w mksla atbokh,negative
mn l nas lb7bha wlahy w l wa7eed l sanad,positive
3yza at3alem el ghona,positive
kol 7aga feky 7lwa wallahy,positive
ya ba5tek,positive
yala b kramtek,negative
ana asfa khalas,positive
enty rekhma awi,negative
hwa ana lazm ab2a 24 sa3a ba3yt,negative
ana ma3mloe 3 quizat embar7 w ana naym,negative
feh 7ad my3rfsh om el donia,positive
bazt rabna yakhdhom,negative
alaz wahed f sohabi,positive
beitk w mtra7k,positive
ya ba7t elly shabahek,positive
enty aslan wegodek sa3ada lel donia kolaha,positive
3ayz bas a2olk enk gameela tayeba 7enayena gad3a,positive
l ashkal l wehsha ketrt kda leh,negative
da wehesh awi aslun awl mara ashofo,negative
happy birthday ya andy 3o2bal kteer isa,positive
ana kan 3andy 3aza w met2asar,negative
lazm abtal azha2 mn elnas besor3a,negative
afshtak,negative
5er insha2allah noura rbna yrg3ko blslama,positive
ta2reban dah awhhash youm fe hayatte,negative
bent amora,positive
mood zay elzeft,negative
kawkab 3erra,negative
rabenna ykhalik,positive
ezz mafesh atyb mno,positive
msh 3rfa heya el hayah wehsha wla ehna el msh bn3rf nshuf gheir el w7sh,negative
enta kazab yasta wallahi,negative
donia ana asef,positive
nsyt lsa hstna l b3d cours ana bmoot,negative
ybny 2nta btmt7n emt7an wa7d d7na bnmt7n kolo,negative
bas zaky bardo,positive
tweets helwa,positive
shoghl el graduation project kolo da3 haga gamila,negative
kafaya wag3 diemagh,negative
3ayez pancakes,positive
3youni,positive
bss donia hatza3a2lak,negative
mabahbkesh w mawahshtneshh,negative
alah ya fanan,positive
fe steen dahya ya,negative
mesh hat5n2 hna y3ny,negative
shofy 3mlty w e7na ray7een ha blash natklm hna,negative
ana mt5an2a ma3aky 3lshan hagat 3mltiha embar7,negative
bas keda kefaya 3alek matzetsh,negative
aghanihom aktar aghany tnf3 tshtaghal hadya kda,positive
ya allah 3al halawa,positive
awel mara ab2a msh 3aref a3ml haga,negative
faday7 eh bs mt2olesh kda wnty tyba ya 3assal,positive
msh msada2k,negative
el nas btakhud krarat msh adaha khals,negative
lala wallahi men ahsan l nas l abltha w inshalah rabena m3ak,positive
nty watnya bzyada shatra,positive
el3arbe yksb,positive
walahy a7san borg sha5sain w kol haga,positive
a7san borg,positive
heya mesh na2sa bard kman aslun,negative
ana 3a2la mat2l2ish,positive
lsa el gay a7la,positive
mohz2 hfd7k hat l sa3a,negative
nadafo demghko shuwaya,negative
yb2a 3eb keda,negative
3la wad3ek,positive
ehrab bsor3a,negative
ana b2et bshof el nas kolha wehsha fa bd3y 3leke akid,negative
wenti a7la bektir,positive
yekhrbet dma3k,negative
hanet hanet,positive
lsa sahya mn sa3teen w 3aiza anam tany,negative
fadahtek,negative
keda mfesh wala malelm hy5rog mn 5aznt el bet,negative
32balk hbibti,positive
y5rbit kda,negative
msh bayen haga msh shayfa,negative
el nas 3ayza menena eh tani ana mesh fahma,negative
eh mfesh hga l wagh elah keda,negative
ta3bana awe bgd,negative
el 3asha feen ya mama ba2a ga3ana,negative
lel asaf la,negative
yoh b2a leeh maynfa3sh a3ml retweet,negative
ya pop dana el 3adet 3shan 3amalt le 7asanolly retweet,positive
men a7la el tweets el shoftaha b2mana,positive
2ktr 7aga t5noo2 lma wa7d y8lt fi 7a2k w kman yz3l mnk,negative
mna modtara a7dr 3ashan el 8yab yabni,negative
rabenna ykhlekk shukrn,positive
e7na bnet3azeb la bgd,negative
mmkn t2lb bgd w l khna2a tzed,negative
msh sayb 7d f halo,negative
3aib ya gma3a eh el nas koollha leh,negative
ana m4 3aref 3loom de hatwdena lfen,negative
sa7 3amalt keda,positive
nas m3ndhash a5la2,negative
l sa7ba l gd3a,positive
tb w lozomha eh ser2et l klam,negative
dah na2es y2ta3 sharayeno,negative
khlas nsit ekhwatakk,negative
7lwa awe awe,positive
wlahi w enti bt2oli helw wlahi,positive
kfaya awe enk tfdly metghaza keda,negative
eh el arf da,negative
heya el gam3a bt3mel keda leh,negative
7raka r5ma awi sar7a mfrod yktbo,negative
lalala bakrah el harakat dih,negative
ay khedma,positive
ahli metkhan2in ma3aya,negative
dehkteha sotha moz3g,negative
kfaia mazzika ba2ty khlst,negative
motfa2el gedan,positive
omy elbsy w embesti,positive
elmohm anha bdhak,positive
bakrah arouh hnak,negative
f3ln laziza,positive
eissa alah yslmak ya sa7be,positive
hadeel allah yslmekk shokran 3ala zo2ek,positive
la ana kolo tmam el7amdollah rbena y5llna masr,positive
la wesel ya basha shokran,positive
ethady,negative
ameen ana w kl elmoslmen,positive
nharna msh bynlo mlam7,negative
yoh bayn kda,negative
elwahd shklo hy3esh mgro7,negative
kan nfsi,negative
rabena y3azih w yesabaro,negative
hamoot mn elt3ab,negative
zetna shwya khlas kfaya,negative
basek fik gidan,positive
eh da wehsh awi,negative
eih ely homa labsino dah,negative
mlhash 7al elsora tohfa,positive
avatar el mar7la el soda el a7na feha de,negative
mashy habbty shokrn teslmli,positive
mshooftsh awhash mn kda bl2mana,negative
la elah ela alah b7ot nfse f mwaqeef by5a,negative
gmail m3yesh el pass bt3o nasyah bardo,negative
enzl bnoktet tab2 elfol,positive
msh da law rakb honda msh hytrasm kda,negative
yoh h3ml whed gded b2a hazi wehesh,negative
tab khafi meni b2a,negative
el mahragan tohfa,positive
7adr helw,positive
etsl bya 2li kotbk hna 2oltlo 5lehom 2am shtmni,negative
asm3 oghnyt enbre7 kan 3omry 20 helwa awe,positive
msh 3ayza tefham eni msh bahebaha,negative
tyb wallhy 5er isa rbna ye2rb el b3ed,positive
w el bio mm3ndesh war2 has2at,negative
madten f yom wa7d leh yarabi kda,negative
tyb wallhy kowyes enk motfka m3ya fel mawdo3 da,positive
la ana mehtag ashel demaghy ahsan,negative
bs kfaya tawator,negative
merna e7lwt,positive
l rap kolo 7aram f 7aram asln,negative
2omi namy shoia el yom bokkra mot3b,negative
ya khosara mn l nas l kont b7bha,negative
bs homa msh gd3in akherhom y2lolk salamtak,negative
s7 wlahi 3ndk 7a2,positive
w b3deen ziena msh ama a3dy mn da l awal,negative
mn atyb elnas ely 3rftaha,positive
bas enta 3asaby,negative
akhoya 7abeeby yala walhy mn atyb elnas ely 3rftaha walahy,positive
momken mkonsh a3rfk mn zaman bs enta gd3 w tyb awi wallahy,positive
ykhrbeet hlawtak,positive
mbc2 ento law t5lony maft7sh msh ht3mlo kda haram ya,negative
eh elhabal ely by2olo dh msh ana khaless asasn,negative
hamout walahy men elta3ab,negative
bt3amleny kda leh,negative
ah ashofk tb3n isa,positive
matklmnsh gher mara bas shaklk tayb,positive
matklmnash gher kam mara bas demagghk bt3gbny,positive
sa7 elkalam,positive
walahi enti l wahshani yala net2abel,positive
enty 3arfa l feha mengher kalamm,positive
damak khafef yabakht sohabak,positive
enta a5ona wallahy a7la far7a f donya,positive
msh l2ya haga a2olha f3lan mdy2a,negative
ma3rfkesh bas basma3 3anek kalam helw,positive
d7kena m3aky lw momkn,positive
leeh l twator,negative
e7na bnkhaf mn emt7nat,negative
la nehda keda fe eh,negative
7amdela 3la slamtk,positive
lesa kont bafkar aktbha enti fi bali,positive
akid btetarya2,negative
ana m7tga 7d bgd ana lwahdi,negative
ya ged3an salo 3al naby mesh keda,negative
ana 3ayez asfer w a3od odam el bahr 7waly shahr masalan,positive
leeh ya baba bt2ol kda,negative
3eeb 3aleek yasta eltry2a deh,negative
rbna y5leko yrgala wlahy,positive
aktr 7aga gamda f update ios 93 night shift,positive
walahi wahshteni,positive
shbhna 3ala ba3d bs tle3t laziz,positive
el sama3at bta3ty bazet,negative
b3ayt,negative
anta cute ahouh feha ya 7assona,positive
ay 5dma ya shaba7,positive
ana wslt el level el helw da mn zaman,positive
fatra w ht3dy msh hafdal medaye2,negative
blash,negative
tmam 7obi,positive
mashy w na bokra hgblk l gdwl brdo,positive
keda b2et nace7,positive
msh fahma haga yart twde7 aktr,negative
shaklo wehesh,negative
tayb mmkn ntshrf b 7drtk,positive
el tweet 3ala wd3ha,positive
5ayfa agrbha aked htb2a s3ba,negative
la de m4 h3mlha retweet 3a4an m4 7assha,negative
walahi anti aktar wahda ray2a shooftha f dmaghi,positive
bs ana msh nasy el3zoma,positive
endfo b2a mn gwa kda,negative
la mat5fesh control,positive
kol el amaken btfkrny biko ahla ayam,positive
3la wad3k ya shab7,positive
f dahya,negative
bestfriends bytla3o a3zar le ba3d,positive
batkhad kol a3ml fav l tweet,negative
la ybni khlas kolha 2 days w hagy abhdelak,negative
enty leh f hayaty walahy leh,negative
enkk 3arfa enkk whsha,negative
fe madrasty kano bykhalona nzaker novels w nmt7en fiha lel asaf,negative
wala za3ly yefre2 ma3 hdd,negative
yekdebo el kedba w yedhako f weshak,negative
gay el ma5roba bokra,negative
enta kwis mn gowa keda wallahy,positive
wel may2darsh,negative
lw sam7ty el cowboy hat el helwa deh mn turkya,positive
fokek ehna gamdeen awe,positive
3omry m nedemt,positive
dyman mawgod wa2t lama bakon mehtgak,positive
rkhessa hatiha,positive
kol sana wa mama taeba,positive
kont wa2ef fl concert bs mat3mlnsh khales bs bahsak laziz,positive
twitter asln lam awe w ba2a w7sh gdnn,negative
t3esh watsaly,positive
byday3li w2ty gdn 3n ay app tany oksem bellah,negative
helw wlahy awi,positive
mafesh kelma 3edla a2olha msh 3arfa,negative
mknsh mnadel khthm mnk l nahrda,negative
3l wd3o w 3arf nfaso,positive
rabana m3ak ya rays,positive
olna mn el awel,negative
eh l swad l f 2lbk dh,negative
ma3rfkesh awel entba3 sha5sia mo7trama,positive
el enta shayfo ya hbibi,positive
fat7alah nt3amel btre2a a7san mn kda,negative
salamtk,positive
fol ya rabbit ntfrg ana w anta bas ba2a,positive
3shan zaharto 3la ha2e2tko,negative
mfesh yabnty danto banat ay ytmna y3rfko,positive
ezz khlas enta etkabast,negative
ento mn as3ab elnas,negative
enty lama bttklmi btdai2ini,negative
ay habal,negative
rbna m3ki hat3meli helw,positive
na ba2ol tnam 3shan 3andk mdrsa bokra kfaya sahar,negative
mwakf wehsh,negative
fen el arf,negative
ew3a ashba7 biomedical,positive
da afash meni,negative
fekrt el mozkra aslun mot3eba,negative
ana ektashaft enaharda enny momken a3ayat f ay hetta,negative
mafesh 7aga bt7sal mn 3er sabab,positive
fkrah bs ole ya rab,positive
konty m3aya fe ebtda2y tayba gedan mo7trma damk 5afef,positive
yla rekhma,negative
hamot bgd mn elt3ab,negative
habebe 3ady hanwsal msh hanfdl kda,positive
howa 3ml like leeh,negative
ma3lshh enta adaha,positive
ah wallahy ya 3amna,positive
a3dt bzbtt 3 mrat bs bgad mafesh zayk kter m3rfkesh bs bfrh bashufkk,positive
sa7by m3aya fe el school ragel,positive
w ana m3ak dayman msh hasibk,positive
msh hata3raf takhud ha2ak,negative
m3lsh da mosem el natega mb2tch b7lam 3er beha y3di el kabous da,negative
a5oia btshelny fe el le3b,negative
de el safarya de azbatetle hgat kteer helwa,positive
fe 50 gneh da3t w na bgablha elhadya,negative
bashufkk kterr amora gedn,positive
kfaya dehketkk de lwhedha tohfa,positive
mahoma msh bykalemoni gheer w homa zah2aneen,negative
lazem nbda2 nzaker ehna met2khrin awi,negative
w ma3kk w tkon m3 ally bt7bhom,positive
rbna yfrehk daymen w tkon kewyss,positive
hayate enty aslun wahshany gudn walahe,positive
fy dars bokra bio msh ader,negative
etklmna kam mara keda tayeb awi w mohtram wlahy,positive
sanaweya 3ama issues,negative
suhabi beye2lole yala n5rg,positive
ahla zamlkweya fel donya wlahy cute w tayeba awi,positive
ana olt ank gad3a men awel matklmna,positive
mn kotr el mozkra elly mbft7sh,negative
ta3ban awi enaharda,negative
el tweets bt3tak funny awi btdhhak w jacketak helw fel avatar,positive
ymkeen y2ol kelma 3edla,negative
tyb nzla ashofko hnak b2a,positive
nefsy a3yatt,negative
kona bntklem mn fatra tayeb awi,positive
msh 3arfa maklmtksh abl keda bs lek zo2 fel music helw,positive
enty kman w7shany walhy wrko 7aga el arb3 wla la,positive
3la wd3k,positive
ay 7eta bas nkhrug bara africa momkn nru7 dubai,positive
3ayza sanateen talata agaza keda yarab ba2a,negative
kol da 3shan 2oltlk 3la el design w7sh,negative
enti sa7,positive
yekfek shar el zalem,positive
dr zeinab msh bahebaha,negative
w ely kont ba2ol 3leha bestfriend btbosly w tlft weshha 3lshan mtslmsh,negative
yarab twl3 fe mkank,negative
kol sana w kol elomhat b kheer,positive
mot5laki zmano krah nafso wl youm li fakr yklmk wla ys2lk 3n 7aga,negative
haga wehsha lma modares ye2lesh,negative
aw maykonsh asdi khalis w yakhodha 3la nafso,negative
rbna yhdeko yrb w mnb2sh ziko,negative
la argoko mat2kdush enko wehshin ya gama3a la,negative
leh wnto mganen wla eh,negative
aham haga anha badhkny,positive
w7shne sotk el7lw walhy mn ayam eldros wenty kman,positive
ana fashel fel ba2i bgd,negative
mfesh man3,positive
net bati2,negative
mafesh ahla menha,positive
helw awi shaghal aho 3ala mbc2,positive
lazm nru7 m3 b3d isa,positive
eih el bot2 dah sara3i shwaya,negative
elhamdollah,positive
m3rfaksh bsraha bs tweets helwa w shklk mohtram,positive
mafish moshkela hader,positive
da 7a2e2y 3agebni,positive
msh 2odam elnas keda,negative
3shan enty nahs ma3rofa ya3ne,negative
yaret walahy kan yanf3 kont aklto fe amsterdam,negative
bnsm3 23any w 3lyna emt7an physics bokra hatawatar,negative
ana kol el bashrya btetgahlny,negative
yoh enty nemty w bt7lamy bayenn,negative
habeby howa ashan ehna etklmna youmen yb2a bhbk,negative
amo hmada gayb hdaya 7elwa ro7y e3mly shopping,positive
isa kher 7abibi w hat2omi belsalama w tkoni zai el fol,positive
leh ya enas gbty wehsh leh,negative
naytak msh safya,negative
el72 shokoki feeh ba2et tezid,negative
eh al youm al wehesh da,negative
ehdi ya manar hn3rf kman yoman wla 7aga,positive
hanakol eh w hanokhrog feen enhrda,positive
ynfa3 t5aleko f 7alko talabb baseet wlahy,negative
h5dk m3aia el sirk,positive
malk w mal el nass,negative
sabab tafeh awi,negative
yarab erhamny,negative
la walahy ana 8altana w de a5er mara eny a3ml kda,negative
allahom e5zeek ya shetan,negative
ana fe3lan msh ader asada2,negative
3ayza eh fe 3eed el om,positive
shaklo kan youm 7lwo,positive
ana 8altana walahy,negative
leah bt2ol kda day2tni,negative
btfhm walhi,positive
khalas baa matsy7lesh kda,negative
fe wa7d delwa2ty awel mara ashufu 7elw awe,positive
batal t3melha 3lshan al nas betedaye2,negative
rakzy 3ndna emthan bokrra yekhrbetk,negative
bkrah el mo7en,negative
shetan 3ala sahkl bani2adam bgd,negative
ayam helwa,positive
shayfa 3ashan teb2y tesada2ini,negative
la wla lama darbt el bnt bl 2lam grty enty,negative
ybne l sa3a a5oya hyege w ybhdelni lw ml2hash,negative
7afdal andam 3aleeky toul 3omry,negative
bgd fe nass amhathum s3ba awe,negative
yabenti eh 2olli ya tante,negative
w lama yeb2o olalat el adab,negative
ana daf3a feloos leh tayeb ashoof egybest ahsan,negative
sah walahy enta betefham,positive
hwa watchit wa2e3,negative
bakrah youm el khamis da b shakl,negative
sabah el kheir el gaw har msh ader,negative
mehtaga azaker zana2t nafsi zan2a soda,negative
bahes eni offended lama nas tekalemni w tatwaqa3 eni arod,negative
menenn helw awi w laye2 aleiki,positive
ana nafsi mehtaga orientation lesa walahy,negative
regala mo2refa,negative
shokran ankazteni,positive
eh el masoora el mat2afaletsh mn embareh di,negative
da ayam el zaman el gameel akid,positive
msh 3arfa mn gher sohaby kont hatee2 el kawkab da ezay,positive
ana msh adra ashtaghal,negative
ana meday2a mashoftsh bahr ba2ali ktir awi,negative
nefsi a3mel live video a3od a3ayat fi bas,negative
msh adra a3mel haga khalis,negative
kont leh kda bgd,negative
walahy la aftah al3ab,positive
yarab atbeset w ykoun helw,positive
el kahraba ata3et fl office el yom kan na2es,negative
a3da arfana shwaya,negative
ya habibi alf shokr 3andi kolo delwa2ti law 3ayez haga oli,positive
hayati kanet hatb2a alaz b ktir awi law banam 8 sa3at,negative
brb nazla a2ar2ash el gym,positive
bas7a tani youm msh fahma eh el hasal,negative
da yekhreb beet el araf bsaraha,negative
khayfa awi mn el mogtama3,negative
12 pm w fi party lessa shaghala toob 3alena ya rab,negative
sahya laze2 f demaghi el oghneya el wehsha dih,negative
ahel el moshkila di ezay tayeb,negative
walahy 3andi ha2,positive
ay shab hatet soora hnak bi2a,negative
ay shab beyshawer lel camera b soba3o kda lazem yetleghi bardo,negative
ay shab hatet aktar mn soora fl gym ahbal,negative
e3rafi eno lama tenzelo hay3mel nafso azka menek,negative
hayati laziza,positive
nefsi albes el fostan dah bas mehtaga akhes,negative
ya sabah el gamal ya shabab,positive
ana msh 3arfa bakoon meday2a mn eh 99 mn el wa2t,negative
hamoot mn el soda3 3ala ba3d bokra bl ktir,negative
ana bandeb hazzi msh ba2ool yabakhti a3mel eh taani,negative
shayfa nafsi wana badisappoint nafsi aho walahy halan aho,negative
hawelt akoon ensana kwayesa,positive
bakrah el zamalek,negative
el office enharda fi aktar mn 8 bani2admeen msh mesada2a nafsi,positive
helm hayati arouh henak,positive
sebni f haly ya zmelaay,negative
di aktar haga mor3eba shoftaha f hayati,negative
msh 3arfa atsaraf ezay khalas,negative
wehyat el khala2ni law maradetsh ba2ali shahren 3omri harod tani f hayati,negative
3eeb ana mekhatata le kol haga,positive
mehtaga afagar el weekend el fat dah mn zakerti,negative
ya morri yana,negative
bsaraha 90 meni bey2ool bala hamm yabenti,positive
el shabab kolaha gaya b 1 w armat gai b khebto,negative
enta begad hato2bod 3alaya,negative
da3awatak ma3ana ya sheikh omar,positive
shokr khas le wael el 2ali kol sana wenti tayeba enharda,positive
ya gama3a hwa ana fa2eera awi wala eh,negative
hamdella 3al salama,positive
omal law kont 3amla sad face emoji kont olt eh,negative
shahren bardo mn gher el gouna ktir awi,negative
bsaraha el wahid mohrag mn nafso,negative
kont dayman ba2ool kda walahy bas el wahid shaf ktir awi,negative
she2 f montaha el halawa bsaraha,positive
ya rab ehna ghalaba,negative
el montakhab berahto,positive
arga3 youm el talat belel asafer el sobh a3mel eih f hayaty,negative
ahla haga eni asafer ktir keda,positive
hahkelha ana 3an ma2saweyati hatensa mashaklek,negative
3omrek olteeli 3ayza atfarag 3al match ya rekhma,negative
mafish ay haga kedb,positive
nefsi atfarag 3al match m3 36 bani2adam bas lel asaf 3andi 3 sohab,negative
nefsi a3ayat mn kotr el ta3ab walahy,negative
el regala begad ghariba awi awi,negative
wahashni awi salemeeli 3aleh ktir,positive
beyedooni amal kebir awi en hayati tozbot,positive
fedeeha,negative
el gym buddy bta3i shater awi,positive
ya gama3a ba2a,negative
kont 3ayza akhlas mn el mozakra begad,negative
ehna el etnen el judgement bta3na aswa2 mn ba3d b sarahaa,negative
sa3at bansa enak hena,negative
hahahahahahahaha yabenti dareebet el gamal,positive
hayati kanet hateb2a sada awi mn gher hadeer begad,positive
hazak helw awi,positive
masoora far2a3et f weshi msh 3arfa a2felha,negative
la2etha,positive
el esboo3 fi 7 ayam begad leh el weekend she2 mohem,negative
nefsi ab2a productive maktabi w ahweti wahashooni,negative
bat7ayel 3ala modeeri arooh el maktab ba2ali 5 days,negative
rabena yetamenek ya habebti,positive
el wahid msh taye2 nafso,negative
hasa tab ageeb le nafsi el diamond band el nefsi fiha bsaraha,positive
ya3ni eh waraya kol el shoghl dah,negative
wala ana hayathom sa3ba awi,negative
leeh fi hasharat kebira gamb sereeri,negative
leh hayati underwhelming kda ya rab,negative
el wahid begad hatta law abad 3 marrat fl shahr hayefdal fa2eer,negative
nefsi afham el rain jacket da leh lesa msh f dolaby,negative
helemt en el yacht el kont fih ghere2,negative
awel haga ha3melha lama akhef eni harooh lel coiffure a3mel sha3ri,positive
tamenni 3aleh lama yerga3 balado hasa b mas2oleya kebira awi,positive
ya omar enta sharabto eih,negative
kont motahamesa awi lel shorba w tel3et ehbat,negative
eh ba3d 7 law talabt haga b ahwa 3omri ha3raf anam,negative
kan gai f wa2t sah awi,positive
hassa demaghi hatfar2a3 sika bas,negative
3ayza a3ayat mn kotr el ta3ab ahla mesa 3aleki ya 2022,negative
edeelo ya m3alem,positive
eh da fi eh el hasal,negative
mehtaga a2adem shakwa,negative
bsaraha latif awi,positive
law kharagna hambeset,positive
yalahwi khamas seneen masalan,negative
match gamed awi,positive
hawala3 f nafsi shwaya,negative
eih el ksouf dah,negative
bsaraha sa3at bakoon zai el amar,positive
gebt gazma makontsh a3raf eni 3ayzaha gher lama heya warethali,positive
hasa eni tayha f zayed begad 3ayza fer2et enqaz,negative
matrohish khotooba mate3rafish fiha gher el 3aroosa tani,negative
el ye3raf elbent dih yetwasatli 3andaha,positive
begad 3omri kan nefsi aksab haga awi kda abl kda,positive
leh mekasela a3mel kola haga,negative
msh adra at7akem f domoo3i haleyan,negative
nefsi atabtab 3aleh awi ya gama3a,positive
hasa eni dakhalt 3alam el tiktok met2akhar awi,negative
yekrem aslek,positive
rabena yogbor b khatrek,positive
magash f bali dah ashkorekk,positive
khoft as2al w amoot abl m albeso,negative
kesbet m3ana f seba2 el sana di ba3d kanet moktase7a,positive
msh fahma el wahid kan rady leh,negative
begad karsa ya shabab,negative
ana shababi etkhataf meni el sana di,negative
el esboo3 da el wahid metdas 3ala wesho bsaraha,negative
da 3ashan el wahid neyeto safya bas,positive
el wahid mestrayah,positive
mabahbsh el kebda aslan,negative
el credit card da ethan aktar mn ay haga fl donia begad,negative
ana makontsh lazem atfarag 3ala avengers,negative
ana kan 3andi as2ela ktir awi bas olt alf mabrook lel 3aroseen bardo,positive
ah begad kan fayetni ktir awi,negative
e3melolha el heya 3ayzah,positive
shatoora ya rozaaa,positive
la khalas maba2ash mn howayati,negative
kan beyb2a shaklo hilw youm fl sana masalan,negative
gahza asharek,positive
esmek delwa2ti helw aslun,positive
msh 3arfa ab2a mowazafa begad,negative
haga qemma fl estefzaz bsaraha,negative
manteji yabenti,negative
hasa en di ahla haga,positive
mashoftsh aswa2 mn ekhteyarati fl 7ayah begad,positive
masr di kaboos begad,negative
ana amoora awi 3al bayhsali f hayati da begad,negative
begad mosali awi,positive
ana kan eh el khalani akhod elmada dih bas ya rabi,negative
haraga3,negative
ayza arouh 3amatan,positive
ana msh mas2oola 3an ghaba2ak,negative
nefsi eloghneya dih tetla3 mn demaghi,negative
enta msh 3aref te3melha le nafsak hatta,negative
ta2reeban 3ayza arooh dubai tani,positive
sah keda helw awi,positive
3ayza da yehsal halan,positive
wala yehemak 3adi,positive
banat el nas msh le3ba,negative
inshallah hatofrag,positive
mn awhash  talat mawaqef hasalooli f hayati,negative
gahza yabenti,positive
sabah el kheir ya katakeet ya rab yekoon youm amar 3alena kolena,positive
rege3t f kalami kalt moza,negative
ana farkesht abl m adkhol elgeish,negative
shokran 3ala elhagat dih bgd,positive
embareh kont a3da bagled zati mn gher ay sabab,negative
elmasryin alzaz nas bgd,positive
3ayza rehti teb2a hilwa,positive
demaghi hatfar2a3,negative
sohaby msh bey2oolo 3alaya laziza,negative
bas heya to3tabar estesmar sah ya3ni,positive
rehto hilwa 3amatan,positive
batalty gym wala eh la ana motakhazla bas,negative
shokran ya hilwa,positive
haygeeli ekte2ab f khelal sa3a ela rob3,negative
msh adra abos fl meraya begad,negative
matbalghish mafish haga te2dar to2af odam el embesat bta3ek,positive
as3ab esboo3 3ada 3ala nafseyetek f 2021,negative
lameet hagti w herebt f 8 sawani,negative
mehtaga a2bad ba3d bokra bl ktir awi,negative
el wahid bey3mel kemeyet shopping raheeba youm el gom3a el sobh,positive
el wahid be3eed awi,negative
hassa eni f azmet montasaf el 3omr,negative
kol mara baftah el profile da bala2i haga tedaye2ni,negative
3ayza adfen nafsi,negative
el best case scenario hayehsal f hayati emta inshallah,negative
sabah el amar ya gama3a,positive
ehkeeli ana kol mashakli tafha msh hahawel a3aly 3alek,positive
yala bina halan,positive
kont mota2akida,positive
hasa karamti na27a 3alaya sika bas,negative
ya3ni ana law mn sohaby haykoon yabakhti,positive
el wahid hases b tatawor msh 3arfa ezay,negative
good old days ya akhi,positive
3ayzeen wahid mn dol kol youm plz,positive
3o2bali ba2a,positive
nefsi afteker el wa2t,negative
la wana el kont ba2ool shatoora ya farooha,negative
ana 3ayat f la casa de papel da aktar mn el lazem,negative
hahahaha habibti ashoofik bokra wlaa eh,positive
haram 3alek ya akhi,negative
hassa eni shaghala b quality helwa awi,positive
mashallah 3alaya barmeel ghaba2 mabaharamsh,negative
hayatek hatet7asen b nesba kbira,positive
malek ya habebti bas,negative
yarab matkonsh keda,negative
mosta3eda dlwa2ty,positive
law 3andi gym fel beit hatkoun ahla haga,positive
hay3gebek sada2ini,positive
ana w hadeer benebtedi negez ba3d 5 ayam,negative
enta mehtag mo3geza,negative
gai y3alemna derous el hayah,positive
hasa eni met2akhara awi,negative
w atamana akoon gebt el gazma el nefsi fiha,positive
aktar makan nedif,positive
aghani amr diab el hazina betaredni,negative
3ashan kda a2dar a2ool b kol seqa eno wehesh awi,negative
eh hwar el nas el btakol elbeta3 el wehesh dah,negative
el inbody bta3i wehesh awi mehtaga akheslo,negative
malish fihom,negative
tab laziz hagebha,positive
mana 3arfa enohom beyngezo,positive
hagled zati enharda bas w bokra inshallah haheb el kawkab tani,negative
ana begad fadeli 3 mins w akhalasha,positive
walahy el wahid ghalban awi ya gama3a,positive
ba2ali ktir awi madakhaltsh fl moshkela dih,positive
msh arfa afteker,negative
ana bakrah el akla dih,negative
instagram tele3 fi hagat helwa,positive
hahahaha momken f3lan,positive
wala ay haga bashretna gher mo2ahala,negative
msh hasa eni ayza arouh,negative
el hwar da msh 3agebni,negative
hab3atlak tayara tegeebak mn belad el sham,positive
gaya bokra khalini ashoofik,positive
ayza agarabha awi,positive
kont ga3ana awi,negative
ahla mat3am kalt fih,positive
etfaragi 3aleih haye3gebek,positive
el agaza di law makantsh helwa hadaye2,negative
3ayza as7ab el eshterak beta3i,negative
el wahid msh fahem haga khalis,negative
law fashalt eni ahasen mn nafsi hahasen mn shakli ba2a w amri lellah,negative
3ayza akoon farz awal instead farz el msh 3arfa hwa kam el ana fi,negative
khabat el 3arabeya w youm el etnen aleb 3ala youm talat khalis,negative
nefsi mara adkhol interview w akoon 3arfa el nas di 3ayza eh,negative
nefsi kol el nas tekoon mabsoota kol el nas mean ana,positive
daya3o wa2ti w maghoodi w hayati,negative
hafkes ba2eet el youm w arooh el gym bsaraha abl anfager,negative
tehesi el akl na2so haga,negative
garab el makan dah haye3gebak,positive
el wahid eref b montaha el amana,negative
hasa eni hantaher law seme3t zaghroota,negative
mahdsh yete2hom aktar mn kda bsaraha,negative
nefsi aghamad 3eni w fata7ha ala2i odami taba2 halaweyat,positive
ehna msh bngtahed kifaya f hayatna,negative
kol el nas fl bahr ma3ada ana,negative
eh el sot el helw dah bas,positive
nefsi had yeshedeni mn el sereer,negative
ana hasa eni wakhda agaza mn awel ramadan,positive
ayza agarab haga gheiro,negative
ehmed rabena w khalas,positive
msh 3aref gesmo mekasar mn el vaccine wala mn tamreenet embareh,negative
3ala damanti,positive
yala bina mwafe2,positive
yorfos el ne3ma,negative
eh ya habebti el araf dah,negative
3ayza a3mel restart 2021 3ashan bazet meni,negative
hassa hayati hatkoon altaf law adeet nos youmi fl gym,positive
el shabab hawamel makharagoosh ba2alhom shahr,negative
bakol french fries wala akeni rayha a3mel inbody bokra,negative
haram aleik,negative
lahad emta walahy el wahid haynam arfan,negative
el greek yogurt kan fen f hayati w leh kont bakol zabadi 3ady abl kda,positive
ya rab el hasharat temoot,negative
di asaseyat walahy,positive
hab2a asagel el khena2a 3ashan tesada2,negative
dih haga mosaleya 3amatan,positive
sabah el gamal ya gama3a 3amleen eh enharda,positive
hahahahahaahahaha hassa eni fa2eera,negative
mashoftsh had laziz aktar menha,positive
hassa el egaba wadha zai el shams sika,positive
hwa eh el wa7asha di kolaha,negative
el 2al kda makansh beykdeb walahy,positive
ehna gahzeen f ay wa2t le ay 3arka,positive
wa7asha awi tbh,negative
hassa eni daykha shwaya mn el akl,negative
ma2asarsh m3ana f haga,positive
realized eni lesa 7afzaha la illah ela allah,positive
adary eh aktar mn kda da ana alabt account instagram bta3i seya7a w tabkh,negative
masa2 el kheir aleiko,positive
makontsh habba yegeeli heart attack abl adkhol fl 60 bas tamam eshta,negative
ana nefsi ab2a nada el ashmouny awi,positive
ya bakhti 3amatan bas mabhbsh a2ool 3al net,positive
kifaya nakad f hayati,negative
eh zanb el nas temshy bl sharabat fl bard da ya3ni,negative
w begad kemeyet research raheeba,negative
gameel awi begad awi,positive
ana leh sahya mn 6 el sobh f awel youm fl sana bas,negative
motahawer el saraha,negative
ana hasa eni mashoftekish mn million sana,negative
3amleen eh ya gama3a fl araf dah,negative
khayfa anam yegeeli heart attack w amoot wana msh wakhda bali,negative
enharda atwal youm f hayati,negative
hatgawez lama sha3ri yebyad 3ashan loun el sabgha yeb2a amazing,positive
meh,negative
el sleeping pattern el araf da makansh waheshni khalis,negative
mayenfa3sh ansah el sana di begad,negative
3ayza atkawar f kora w amoot mood elhamdulellah,negative
ma3lish asfa,negative
cant 130 pm w begad yeegi ye2telni,negative
ya rab walahy,positive
khalas ya m3alem da enta cute gidan,positive
ana shayfa en 16 sana ta3leem kifaya awi msh lazem nezawedhom etnen kaman khalis,negative
bas kareem gameel,positive
heya el bte7defna walahy f hagat el ghariba di,negative
nefsi f junk food ktir awi,positive
sabah el kheir ya gama3a ezayoko,positive
3ayza a3ayat shwaya,negative
msh 3ayza yekalemni,negative
26 sana eh el ana dakhla 3aleha di ana lesa nazla mn batn omi awel embareh,negative
law dasetni 3arabeya wana a3da fl sereer delwa2ti msh hasarakh hatta,negative
aw akoon madelyet mafateeh 3amatan,negative
el gym kolo ma3ah 1 mashallah wala akenena f andiamo,negative
el shorta hatigi tekahrabni naw,negative
hwa ana kalt mcdonalds wala di tahayo2at,negative
hasa eno tomoo7 hilw,positive
nefsi albes fostan silver,positive
3ayza hagat kwayesa delwa2ti 3ashan manotesh mn el shebak,negative
matenkerish,negative
aywa bas ana 3ayza kol el nas te2oli ya doctora,positive
da shab 3ando 17 sana lesa maktamalsh,negative
ana hena tani lelasaf,negative
inshallah life time akoon shagara betala3loko oxygen,negative
f rassedr w haghazeeki,positive
3ayza a3od f pool fady amlah b demoo3i haleyan,negative
ha3ayat,negative
3eeb 3alek,negative
msh hahes bl zanb wana f vasko tani khalas,positive
shoofi shaarawy kaman karsa w andiamo embareh kan ma2sah begad hozn,negative
aywa sah walahi,positive
ana 3ayza elsanadi tani,positive
ba7qed 3ala kol el nas el bt3mel ay monasba,negative
momken nerouh,positive
tohfa ana 2 bezabt hakoon fadjya,positive
khodooni ma3ako,positive
law betrawah badri kol da msh hayehsal,negative
yughuty,positive
hwa fi maya aslan f soul ya tarzan,negative
ana el hakhadarha w asafer,negative
3alehom hagat el amreekan dol,negative
ana emotional awi bardo,negative
ha2ek bgd enty keda fair,positive
hadia kda f nafsaha,positive
el nas el rewsha henak,positive
3andaha maharat excel ghariba ya gama3a begad,positive
haneb2a power couple awi 3amatan,positive
el date bta3ek 3andi ana w kareem,positive
hahahahahahaha ezay keda,positive
esmaha la2 ya kareem la2a,negative
tab nengez nafsena 3ashan 7anoon btenhar walahy,negative
lama 7anoona teb2a a3da gambak tegeblak el tafaya,positive
lama neshoof magaybek,negative
baddi 3edeya,positive
allahoma ehfazna,positive
hahahahahahhahahahaha kalb,positive
da teneh awi ya hussam,negative
rawa2i kdaaa ha,negative
karsa m2ala2ni,negative
da helw awi keda ezai tayeb,positive
e32al kda w rooh hat iphone rabena yekremak,negative
maho mahdsh yes2al 3ala android bardo ya rashid,negative
khalihom 3ala 3amahom,negative
lessa betendeb 3ala 7azzaha lessa 3ayza te2tel el regala,negative
msh ma3na enak kol te3mel plan lel safar tebooz enaha overrated ya hussam la2a,negative
meen hatgelha corona,negative
karsa,negative
walahy hadretak ana awel m qarart arooh afalo el gyms,negative
amoor awi,positive
eh el bo2s dah,negative
bas hwa amoor awi 3amatan,positive
el happy families beyhazenooni 3ala hayati awi ya gama3a begad,negative
mabaheboosh khalis,negative
osbor 3ala rez2ak,positive
balash netkalem 3al nas,negative
da enta enharda tale3 fl video helw awi,positive
ana el ghaltana,negative
heya el nas leih betigi ala el tayebin,negative
el alwan lay2a ala ba3daha,positive
ana ma3ak ya sahby fi ay haga,positive
tab leih keda tayeb,negative
ma3lesh ha2ak alaya el mara di,positive
hazi dayman araf bgd hate it,negative
